qnum,freq_khz,mean_TS,se_TS,quintile
1,45,-61.1451595122807,0.5155125463989718,Q1 (lowest)
1,45.5,-60.97353714035088,0.5152609111200877,Q1 (lowest)
1,46,-60.67172189473684,0.48395498890420774,Q1 (lowest)
1,46.5,-60.15804537192982,0.4614864949484532,Q1 (lowest)
1,47,-60.118835150877196,0.45548514665734263,Q1 (lowest)
1,47.5,-59.96498154035088,0.4725704600788009,Q1 (lowest)
1,48,-59.895457028070176,0.48702729751243967,Q1 (lowest)
1,48.5,-59.744608084210526,0.4821839184137172,Q1 (lowest)
1,49,-59.42634660350877,0.4724564999009552,Q1 (lowest)
1,49.5,-59.19758538245614,0.46642514109126476,Q1 (lowest)
1,50,-58.94078628070175,0.4442993642404618,Q1 (lowest)
1,50.5,-58.66354652631579,0.4209059060778596,Q1 (lowest)
1,51,-58.332321154385966,0.4036479594031027,Q1 (lowest)
1,51.5,-58.03890281754386,0.3966439342158875,Q1 (lowest)
1,52,-57.895110252631575,0.4131043040584135,Q1 (lowest)
1,52.5,-57.80067800350877,0.4314138204609415,Q1 (lowest)
1,53,-57.7660159754386,0.44110477273191373,Q1 (lowest)
1,53.5,-57.70423709473684,0.4442308421970836,Q1 (lowest)
1,54,-57.53532685614035,0.4374333805913144,Q1 (lowest)
1,54.5,-57.43251799649123,0.4180582069694817,Q1 (lowest)
1,55,-57.31520396842105,0.4087655180901886,Q1 (lowest)
1,55.5,-57.22866473333333,0.4029499483977932,Q1 (lowest)
1,56,-57.0557411368421,0.41236833572081877,Q1 (lowest)
1,56.5,-56.918990863157894,0.42531958549345394,Q1 (lowest)
1,57,-56.69219885614035,0.4415152737625473,Q1 (lowest)
1,57.5,-56.52601778596491,0.4558437238865991,Q1 (lowest)
1,58,-56.31435382105263,0.46000854255468127,Q1 (lowest)
1,58.5,-56.034508063157894,0.4476267943533948,Q1 (lowest)
1,59,-55.72106894385965,0.4488830595923221,Q1 (lowest)
1,59.5,-55.514792484210524,0.4435760901294574,Q1 (lowest)
1,60,-55.34669949473684,0.4485161255056822,Q1 (lowest)
1,60.5,-55.15679315087719,0.452131721510577,Q1 (lowest)
1,61,-54.886525677192985,0.4436288079960545,Q1 (lowest)
1,61.5,-54.715377719298246,0.4312089220131009,Q1 (lowest)
1,62,-54.47332746666667,0.41483113229373814,Q1 (lowest)
1,62.5,-54.23484097894737,0.4106906276705403,Q1 (lowest)
1,63,-54.094438322807015,0.42087914885090877,Q1 (lowest)
1,63.5,-54.04956852982456,0.4359044472973523,Q1 (lowest)
1,64,-54.05296151929824,0.45376789425414954,Q1 (lowest)
1,64.5,-53.87231087017544,0.45316033031268016,Q1 (lowest)
1,65,-53.753300828070174,0.4115339666698768,Q1 (lowest)
1,65.5,-53.68120678596491,0.38604214501578227,Q1 (lowest)
1,66,-53.68167508070175,0.37365544934139877,Q1 (lowest)
1,66.5,-53.707187663157896,0.36258770070867324,Q1 (lowest)
1,67,-53.62417514385965,0.36696565646459445,Q1 (lowest)
1,67.5,-53.52440683157895,0.3554624461975327,Q1 (lowest)
1,68,-53.28073455789474,0.352229766918843,Q1 (lowest)
1,68.5,-53.16012635789474,0.35701496261129106,Q1 (lowest)
1,69,-53.067431133333336,0.35863256016917755,Q1 (lowest)
1,69.5,-52.89622616491228,0.3585562166406096,Q1 (lowest)
1,70,-52.882299378947366,0.3772100794452508,Q1 (lowest)
1,70.5,-52.72266834736842,0.379915673880192,Q1 (lowest)
1,71,-52.67542723859649,0.38766671881496695,Q1 (lowest)
1,71.5,-52.635905680701754,0.38989032049417943,Q1 (lowest)
1,72,-52.55609368070176,0.38325547216466266,Q1 (lowest)
1,72.5,-52.428979480701756,0.3740664155740354,Q1 (lowest)
1,73,-52.342423449122805,0.36723824140085437,Q1 (lowest)
1,73.5,-52.28008558245614,0.3699256107911767,Q1 (lowest)
1,74,-52.27205322105263,0.39008326036984187,Q1 (lowest)
1,74.5,-52.175482515789476,0.42240852871485396,Q1 (lowest)
1,75,-52.1593094877193,0.4251009053093853,Q1 (lowest)
1,75.5,-52.0310619754386,0.42482394824479147,Q1 (lowest)
1,76,-51.79611692631579,0.4114419514258315,Q1 (lowest)
1,76.5,-51.56981453684211,0.39845809461940507,Q1 (lowest)
1,77,-51.333366361403506,0.3902633426457482,Q1 (lowest)
1,77.5,-51.08905734736842,0.37430025711932113,Q1 (lowest)
1,78,-50.86972776842105,0.35945721729461794,Q1 (lowest)
1,78.5,-50.72335903508772,0.36048457524425587,Q1 (lowest)
1,79,-50.62640980350877,0.37099673906980773,Q1 (lowest)
1,79.5,-50.5593911754386,0.3716909732337771,Q1 (lowest)
1,80,-50.33331881754386,0.3785462459061149,Q1 (lowest)
1,80.5,-50.271607624561405,0.38648157203609645,Q1 (lowest)
1,81,-50.301806171929826,0.39127951584039833,Q1 (lowest)
1,81.5,-50.28418760701754,0.3844507667670875,Q1 (lowest)
1,82,-50.28654895087719,0.3875215418349549,Q1 (lowest)
1,82.5,-50.24848973333334,0.38449197773141686,Q1 (lowest)
1,83,-50.17575462807017,0.40234051354716155,Q1 (lowest)
1,83.5,-50.22893407719298,0.42985730371638114,Q1 (lowest)
1,84,-50.18902385614035,0.4218482273347627,Q1 (lowest)
1,84.5,-50.208274428070176,0.4102593738142955,Q1 (lowest)
1,85,-50.104504866666666,0.3922541027724331,Q1 (lowest)
1,85.5,-49.877894259649125,0.3877114531852547,Q1 (lowest)
1,86,-49.673231705263156,0.3795567454284868,Q1 (lowest)
1,86.5,-49.540347512280704,0.38786263069555627,Q1 (lowest)
1,87,-49.344652466666666,0.3869632907313831,Q1 (lowest)
1,87.5,-49.044373445614035,0.39664990426617336,Q1 (lowest)
1,88,-48.86837016842105,0.4153693122650337,Q1 (lowest)
1,88.5,-48.92656317192982,0.4174052053247048,Q1 (lowest)
1,89,-49.26354471578947,0.3942327994717388,Q1 (lowest)
1,89.5,-49.55557295087719,0.397118420411808,Q1 (lowest)
1,91,-50.574529077192985,0.45474668159745524,Q1 (lowest)
1,91.5,-50.48426457894737,0.44450975351775784,Q1 (lowest)
1,92,-50.44019277894737,0.440308339466276,Q1 (lowest)
1,92.5,-50.54909681403509,0.4456883180616342,Q1 (lowest)
1,93,-50.701592101754386,0.4319933926263539,Q1 (lowest)
1,93.5,-50.81574187017544,0.44747963863490625,Q1 (lowest)
1,94,-50.99842338245614,0.4497104020561886,Q1 (lowest)
1,94.5,-51.09565434385965,0.45665772269171295,Q1 (lowest)
1,95,-51.14007835087719,0.4501699151608938,Q1 (lowest)
1,95.5,-51.25395076491228,0.4387250157803175,Q1 (lowest)
1,96,-51.40032328421053,0.43691624935117346,Q1 (lowest)
1,96.5,-51.63608989473684,0.4395392969914325,Q1 (lowest)
1,97,-51.7329041754386,0.44672175961554844,Q1 (lowest)
1,97.5,-51.848848663157895,0.4419382370981825,Q1 (lowest)
1,98,-51.859726207017545,0.4303721999236916,Q1 (lowest)
1,98.5,-51.76950430877193,0.4051646797863579,Q1 (lowest)
1,99,-51.699141498245616,0.3953806261165326,Q1 (lowest)
1,99.5,-51.71746026666666,0.38108948558675115,Q1 (lowest)
1,100,-51.716755968421054,0.37087568238668855,Q1 (lowest)
1,100.5,-51.60745610526316,0.3674915922328083,Q1 (lowest)
1,101,-51.49191099649123,0.36697225891478635,Q1 (lowest)
1,101.5,-51.49989963859649,0.35954903209208644,Q1 (lowest)
1,102,-51.5046501754386,0.36146651431946825,Q1 (lowest)
1,102.5,-51.474609428070174,0.35980882284340593,Q1 (lowest)
1,103,-51.48042349473684,0.36114800855688634,Q1 (lowest)
1,103.5,-51.54764447719298,0.3609201385706306,Q1 (lowest)
1,104,-51.50147484912281,0.3777430015025392,Q1 (lowest)
1,104.5,-51.49174746315789,0.37449671849883753,Q1 (lowest)
1,105,-51.58375776140351,0.36413929405756523,Q1 (lowest)
1,105.5,-51.68726136491228,0.3713991354765574,Q1 (lowest)
1,106,-51.74348844210526,0.3599879600588348,Q1 (lowest)
1,106.5,-51.63602847017544,0.37377508349895355,Q1 (lowest)
1,107,-51.48994708421053,0.3647618686563843,Q1 (lowest)
1,107.5,-51.45247002105263,0.3552315374208654,Q1 (lowest)
1,108,-51.436988628070175,0.353955809107995,Q1 (lowest)
1,108.5,-51.54202716842105,0.3547163917722282,Q1 (lowest)
1,109,-51.5238479122807,0.3639739475306447,Q1 (lowest)
1,109.5,-51.42919075789474,0.37208554243605235,Q1 (lowest)
1,110,-51.296788154385965,0.3798220963283644,Q1 (lowest)
1,110.5,-51.14729050877193,0.37229113204946984,Q1 (lowest)
1,111,-51.116557887719296,0.37711555512274586,Q1 (lowest)
1,111.5,-51.17942103508772,0.36265175681203893,Q1 (lowest)
1,112,-51.261539305263156,0.3515897641159864,Q1 (lowest)
1,112.5,-51.257748936842106,0.3455191113607814,Q1 (lowest)
1,113,-51.27790008421053,0.3233660556625,Q1 (lowest)
1,113.5,-51.16297458245614,0.30744328249923564,Q1 (lowest)
1,114,-51.027203628070176,0.30870857133905005,Q1 (lowest)
1,114.5,-50.85555216491228,0.31724226983855497,Q1 (lowest)
1,115,-50.914799098245616,0.32468638445536313,Q1 (lowest)
1,115.5,-50.80527524912281,0.3361531275711065,Q1 (lowest)
1,116,-50.70095820350877,0.3619375285245083,Q1 (lowest)
1,116.5,-50.79746641052632,0.35415313279379057,Q1 (lowest)
1,117,-50.93507377894737,0.34726640165175493,Q1 (lowest)
1,117.5,-50.87215935087719,0.34860370207485314,Q1 (lowest)
1,118,-50.916274989473685,0.3543625193244872,Q1 (lowest)
1,118.5,-50.89147336491228,0.3555616078830691,Q1 (lowest)
1,119,-50.94555131929825,0.35103392013435025,Q1 (lowest)
1,119.5,-51.03258300701754,0.34259193120352416,Q1 (lowest)
1,120,-51.00067899298246,0.3469155066825169,Q1 (lowest)
1,120.5,-50.97213571578948,0.3464090794547132,Q1 (lowest)
1,121,-50.878796319298246,0.34522424929627366,Q1 (lowest)
1,121.5,-50.880218992982456,0.3556943575513213,Q1 (lowest)
1,122,-50.948187431578944,0.34565011956422076,Q1 (lowest)
1,122.5,-51.1588431754386,0.34689866905523564,Q1 (lowest)
1,123,-51.25928783859649,0.35164597256946906,Q1 (lowest)
1,123.5,-51.134038828070175,0.32711362951032114,Q1 (lowest)
1,124,-51.11128876491228,0.3275743125876192,Q1 (lowest)
1,124.5,-51.023677171929826,0.3316066138142045,Q1 (lowest)
1,125,-50.99506146666666,0.3192786772561135,Q1 (lowest)
1,125.5,-50.99490495789474,0.31690214048357346,Q1 (lowest)
1,126,-50.82602665614035,0.29862189078363144,Q1 (lowest)
1,126.5,-50.64604321403509,0.3065236055445127,Q1 (lowest)
1,127,-50.655151315789475,0.3120366514261714,Q1 (lowest)
1,127.5,-50.629002684210526,0.3078363695580052,Q1 (lowest)
1,128,-50.55153776140351,0.32072996554802646,Q1 (lowest)
1,128.5,-50.561772014035085,0.31481743777245896,Q1 (lowest)
1,129,-50.56475255438597,0.31441191680995006,Q1 (lowest)
1,129.5,-50.55428594385965,0.3050618988660166,Q1 (lowest)
1,130,-50.56181155438596,0.3168194372077647,Q1 (lowest)
1,130.5,-50.51219169473684,0.3540382784784815,Q1 (lowest)
1,131,-50.5733879368421,0.37562253833571996,Q1 (lowest)
1,131.5,-50.73183742807018,0.36081152914693526,Q1 (lowest)
1,132,-50.86406632280702,0.3470835223779247,Q1 (lowest)
1,132.5,-50.905328385964914,0.3446028114840292,Q1 (lowest)
1,133,-50.91742478596491,0.3396973269855996,Q1 (lowest)
1,133.5,-50.90496363859649,0.3498367241529126,Q1 (lowest)
1,134,-50.9447516,0.3394648710377789,Q1 (lowest)
1,134.5,-50.91372763157895,0.35979238601557684,Q1 (lowest)
1,135,-50.881922807017546,0.3760650583194453,Q1 (lowest)
1,135.5,-50.813545985964915,0.3707777215685159,Q1 (lowest)
1,136,-50.80928195789474,0.39150985662464344,Q1 (lowest)
1,136.5,-50.8853487122807,0.38989755784436675,Q1 (lowest)
1,137,-50.932410084210524,0.4067429789160603,Q1 (lowest)
1,137.5,-51.04094787017544,0.39877356661922836,Q1 (lowest)
1,138,-51.17483927017544,0.3868200265639379,Q1 (lowest)
1,138.5,-51.069847505263155,0.3987885687060945,Q1 (lowest)
1,139,-51.0775059754386,0.3974195740591342,Q1 (lowest)
1,139.5,-51.12837802807017,0.40083712239300184,Q1 (lowest)
1,140,-51.163576645614036,0.40353307839706226,Q1 (lowest)
1,140.5,-51.41360739649123,0.3848344918127278,Q1 (lowest)
1,141,-51.431099884210525,0.40729988822920316,Q1 (lowest)
1,141.5,-51.481639901754384,0.4097796255969381,Q1 (lowest)
1,142,-51.59353607017544,0.38625003328441954,Q1 (lowest)
1,142.5,-51.54831204561403,0.38550183283330197,Q1 (lowest)
1,143,-51.64281732982456,0.38694956744203685,Q1 (lowest)
1,143.5,-51.868961171929826,0.3898114337025801,Q1 (lowest)
1,144,-52.04308865263158,0.39781052995874816,Q1 (lowest)
1,144.5,-52.0288537754386,0.4038885299895666,Q1 (lowest)
1,145,-51.99408107719298,0.41630861154810994,Q1 (lowest)
1,145.5,-51.95347472631579,0.428478854161503,Q1 (lowest)
1,146,-51.933465,0.4451959057082222,Q1 (lowest)
1,146.5,-52.04533764912281,0.44372408116651707,Q1 (lowest)
1,147,-52.20391972631579,0.4462474265469081,Q1 (lowest)
1,147.5,-52.307222933333335,0.4446016000317745,Q1 (lowest)
1,148,-52.319631666666666,0.4444197020361317,Q1 (lowest)
1,148.5,-52.21197901052631,0.435421536022102,Q1 (lowest)
1,149,-52.25420431578947,0.43127578475717765,Q1 (lowest)
1,149.5,-52.22084903157895,0.4347687329815523,Q1 (lowest)
1,150,-52.211662045614034,0.4367107686681302,Q1 (lowest)
1,150.5,-52.041161498245614,0.44220524817926865,Q1 (lowest)
1,151,-52.08378340701754,0.4385982645821289,Q1 (lowest)
1,151.5,-52.07776616842105,0.4665406409015388,Q1 (lowest)
1,152,-51.92149565263158,0.47154162448304937,Q1 (lowest)
1,152.5,-51.877253410526315,0.4730490342196624,Q1 (lowest)
1,153,-51.84188063859649,0.4561384939805516,Q1 (lowest)
1,153.5,-51.858599701754386,0.44307907776018673,Q1 (lowest)
1,154,-51.91914156140351,0.4595691496870459,Q1 (lowest)
1,154.5,-51.959773540350874,0.4764817306717039,Q1 (lowest)
1,155,-51.92721076140351,0.48844783879700426,Q1 (lowest)
1,155.5,-51.71760058245614,0.49151492816754677,Q1 (lowest)
1,156,-51.58058094385965,0.4899729573408553,Q1 (lowest)
1,156.5,-51.422254940350875,0.4544039547992881,Q1 (lowest)
1,157,-51.323151592982455,0.4445910742342553,Q1 (lowest)
1,157.5,-51.32878848421053,0.44415732673340924,Q1 (lowest)
1,158,-51.15123390877193,0.44499243227817614,Q1 (lowest)
1,158.5,-51.067000635087716,0.45352822377213614,Q1 (lowest)
1,159,-51.064259571929824,0.4382702123286714,Q1 (lowest)
1,159.5,-50.94930359649123,0.44252188299732437,Q1 (lowest)
1,160,-50.66516497894737,0.43137474109610147,Q1 (lowest)
1,160.5,-50.39632432280702,0.4340809359937181,Q1 (lowest)
1,161,-50.230593392982456,0.44822365983526175,Q1 (lowest)
1,161.5,-50.02009670526316,0.4418115756391392,Q1 (lowest)
1,162,-49.87238645263158,0.4538520878912412,Q1 (lowest)
1,162.5,-49.80654183508772,0.45553494080104456,Q1 (lowest)
1,163,-49.750663585964915,0.4771572521734815,Q1 (lowest)
1,163.5,-49.70607222807018,0.480167002694179,Q1 (lowest)
1,164,-49.588991136842104,0.48759483715326507,Q1 (lowest)
1,164.5,-49.61368837543859,0.4621338404870568,Q1 (lowest)
1,165,-49.665681028070175,0.43625615288803576,Q1 (lowest)
1,165.5,-49.72690929473684,0.4338661919012956,Q1 (lowest)
1,166,-49.78371714035088,0.44406913425579525,Q1 (lowest)
1,166.5,-50.01279404561404,0.44528121123987263,Q1 (lowest)
1,167,-50.3407938,0.4338463441178331,Q1 (lowest)
1,167.5,-50.71571863859649,0.45197737624357903,Q1 (lowest)
1,168,-50.92773587368421,0.45282052834882747,Q1 (lowest)
1,168.5,-51.25299010526316,0.443502169741065,Q1 (lowest)
1,169,-51.51285021052632,0.4685237751788646,Q1 (lowest)
1,169.5,-51.69956027368421,0.47482253410557285,Q1 (lowest)
1,170,-52.02273797192982,0.4621594716764984,Q1 (lowest)
2,45,-57.589157975438596,0.5091879485256564,Q2
2,45.5,-57.410670828070174,0.5142151867415502,Q2
2,46,-57.232740407017545,0.49417700824331967,Q2
2,46.5,-56.83384136140351,0.4830826800532754,Q2
2,47,-56.81565374385965,0.4762870132015879,Q2
2,47.5,-56.646391143859645,0.4859293236082924,Q2
2,48,-56.65181691929825,0.4990500938934288,Q2
2,48.5,-56.39718937192983,0.48453539943719537,Q2
2,49,-56.226480270175436,0.48100274635771845,Q2
2,49.5,-55.99341032631579,0.4726223455145327,Q2
2,50,-55.68941282105263,0.4567419431460514,Q2
2,50.5,-55.40535587719298,0.44351208681647,Q2
2,51,-55.07043649122807,0.4283727827026997,Q2
2,51.5,-54.933883863157895,0.4250792801031534,Q2
2,52,-54.835748515789476,0.4209516375623943,Q2
2,52.5,-54.70851409122807,0.42864620766567385,Q2
2,53,-54.5419629122807,0.4362336154639032,Q2
2,53.5,-54.44604407017544,0.43234046371522467,Q2
2,54,-54.33761916140351,0.4243769246597474,Q2
2,54.5,-54.212870080701755,0.41575913843894746,Q2
2,55,-54.08926582105263,0.40619824707121327,Q2
2,55.5,-54.05083119298246,0.4067771398390669,Q2
2,56,-53.95242041403509,0.4104659903417915,Q2
2,56.5,-53.78473089824561,0.42305179363827716,Q2
2,57,-53.57954221403509,0.4418393427264851,Q2
2,57.5,-53.391659094736845,0.45667999381721697,Q2
2,58,-53.15687384210526,0.4708034996089495,Q2
2,58.5,-52.935753985964915,0.4733624496370942,Q2
2,59,-52.69526841754386,0.4767666440711378,Q2
2,59.5,-52.43017134736842,0.4798207802691392,Q2
2,60,-52.20995925263158,0.48050397055379923,Q2
2,60.5,-51.94555623859649,0.47171234061045053,Q2
2,61,-51.82967608070175,0.459600210723967,Q2
2,61.5,-51.64622885964912,0.45436667217649856,Q2
2,62,-51.36081351929825,0.4422093559242309,Q2
2,62.5,-51.22126998596491,0.4269514637675008,Q2
2,63,-51.001911578947364,0.4220101427124837,Q2
2,63.5,-50.86046361403509,0.42613598722945434,Q2
2,64,-50.75928540350877,0.4325117541455597,Q2
2,64.5,-50.68262031578947,0.43413308934404177,Q2
2,65,-50.583351350877194,0.4214716938847844,Q2
2,65.5,-50.65939699298246,0.39997215694349714,Q2
2,66,-50.60386170526316,0.39225083129907234,Q2
2,66.5,-50.59107963859649,0.3801513168963196,Q2
2,67,-50.51563145614035,0.3727748656650061,Q2
2,67.5,-50.396327715789475,0.3681339578062184,Q2
2,68,-50.262273533333335,0.35788723299790764,Q2
2,68.5,-50.05318050175438,0.3638852689012097,Q2
2,69,-49.85760450175439,0.3807630027672135,Q2
2,69.5,-49.67238367017544,0.3884408609923057,Q2
2,70,-49.573436477192985,0.38987071499177456,Q2
2,70.5,-49.50488582807017,0.39542031233566133,Q2
2,71,-49.45545709824561,0.40092247332837333,Q2
2,71.5,-49.434899421052634,0.39771628828222044,Q2
2,72,-49.32398785614035,0.3946646911144675,Q2
2,72.5,-49.17691189473684,0.40749144389375347,Q2
2,73,-49.044631315789474,0.41130139974272706,Q2
2,73.5,-48.90790987017544,0.420220657734446,Q2
2,74,-48.825471508771926,0.42263263958208974,Q2
2,74.5,-48.72936259649123,0.41692960354787106,Q2
2,75,-48.64167544210526,0.4147145956565138,Q2
2,75.5,-48.61908760701754,0.41470073813613273,Q2
2,76,-48.480036778947365,0.42812543829912447,Q2
2,76.5,-48.239929157894736,0.4213911853115068,Q2
2,77,-48.00665247719298,0.402153824945988,Q2
2,77.5,-47.8383844,0.398366725719014,Q2
2,78,-47.74992665263158,0.3893794642258829,Q2
2,78.5,-47.60657152982456,0.3845539358814457,Q2
2,79,-47.466971185964915,0.39110749359001845,Q2
2,79.5,-47.34289948421053,0.396231654791006,Q2
2,80,-47.269776154385966,0.39392851007599855,Q2
2,80.5,-47.17164155087719,0.3910601912297489,Q2
2,81,-47.0533812,0.3794510714630277,Q2
2,81.5,-47.058627957894736,0.38511894694321586,Q2
2,82,-47.01395963859649,0.3906436395126245,Q2
2,82.5,-46.96134545614035,0.3918705929502405,Q2
2,83,-46.881735463157895,0.40876925169573497,Q2
2,83.5,-46.89051203157894,0.4399591628012357,Q2
2,84,-46.814385270175435,0.43729220214973985,Q2
2,84.5,-46.594604719298246,0.41079264418415923,Q2
2,85,-46.43157319649123,0.3973261376647289,Q2
2,85.5,-46.281671515789476,0.3981880446993003,Q2
2,86,-46.20634787017544,0.4069566537024312,Q2
2,86.5,-45.962391922807015,0.39924140522780827,Q2
2,87,-45.74117921052632,0.40470091215558746,Q2
2,87.5,-45.39539115438596,0.3976967793375497,Q2
2,88,-45.23646043859649,0.3971433422948563,Q2
2,88.5,-45.24593506666667,0.3905594687527096,Q2
2,89,-45.52528300350877,0.3938767360662888,Q2
2,89.5,-45.87706814736842,0.3938369276921412,Q2
2,91,-46.88719175438597,0.4482607543216989,Q2
2,91.5,-46.815960933333336,0.4354239636129217,Q2
2,92,-46.90939839298245,0.4464739715744598,Q2
2,92.5,-47.10908336491228,0.4270325038485158,Q2
2,93,-47.240518649122805,0.4233264315594932,Q2
2,93.5,-47.4257645754386,0.4265224932776237,Q2
2,94,-47.40755149473684,0.44808945938538836,Q2
2,94.5,-47.368795480701756,0.4526163981746949,Q2
2,95,-47.438935761403506,0.43793561227734623,Q2
2,95.5,-47.593891098245614,0.4378404117085933,Q2
2,96,-47.768222631578944,0.43500953343999765,Q2
2,96.5,-47.99304902105263,0.4318686726153584,Q2
2,97,-48.10343417894737,0.4312151450527399,Q2
2,97.5,-48.12946571578947,0.42478311112815625,Q2
2,98,-48.13839216140351,0.4095174189167703,Q2
2,98.5,-48.03329788070175,0.3988330772873329,Q2
2,99,-48.01402369122807,0.3757616170856747,Q2
2,99.5,-48.07965532982456,0.3705533543072886,Q2
2,100,-48.13228041403509,0.35354647053765287,Q2
2,100.5,-48.12478075789474,0.35528721406698305,Q2
2,101,-48.0933139122807,0.3538315357544316,Q2
2,101.5,-48.03736647719298,0.35398584812880746,Q2
2,102,-47.955475975438596,0.3564616091101784,Q2
2,102.5,-47.97978207719298,0.356119608702317,Q2
2,103,-47.998045694736845,0.3534128703460684,Q2
2,103.5,-47.998427831578944,0.3520206325303476,Q2
2,104,-47.938728,0.3569856781372553,Q2
2,104.5,-47.96230505263158,0.3534258136603087,Q2
2,105,-48.023920670175436,0.3539727242752506,Q2
2,105.5,-48.0513529122807,0.3654012421194085,Q2
2,106,-48.099050519298245,0.3667578699084274,Q2
2,106.5,-48.02485071929824,0.3574916646842568,Q2
2,107,-47.88839167368421,0.35473349464827847,Q2
2,107.5,-47.8150628491228,0.35541458552443783,Q2
2,108,-47.794645719298245,0.3581784618047565,Q2
2,108.5,-47.84316096491228,0.36118868758168493,Q2
2,109,-47.87808654385965,0.3589978079551481,Q2
2,109.5,-47.81657597894737,0.3583089097014253,Q2
2,110,-47.63591609473684,0.3606288845982466,Q2
2,110.5,-47.52309917192982,0.3626563612945443,Q2
2,111,-47.48706570175438,0.35337310153482593,Q2
2,111.5,-47.51139306666666,0.34864444899603036,Q2
2,112,-47.62795692631579,0.33986988218931014,Q2
2,112.5,-47.63672734035088,0.32085608726201176,Q2
2,113,-47.61062181052632,0.3100764638339296,Q2
2,113.5,-47.473621175438595,0.3144644314309869,Q2
2,114,-47.320524771929826,0.319918616215983,Q2
2,114.5,-47.32479548070175,0.3183808607283166,Q2
2,115,-47.34522555438596,0.31787575223653136,Q2
2,115.5,-47.24031945964912,0.33587526848876453,Q2
2,116,-47.13327429473684,0.35934404941332615,Q2
2,116.5,-47.24652808070176,0.3515558372909851,Q2
2,117,-47.37288846315789,0.33941974238317557,Q2
2,117.5,-47.317910442105266,0.3346723897478496,Q2
2,118,-47.254122031578945,0.34137793352238827,Q2
2,118.5,-47.22026550877193,0.34447209567777287,Q2
2,119,-47.28713905263158,0.3319005575763573,Q2
2,119.5,-47.25656415087719,0.33093695048851524,Q2
2,120,-47.221354178947365,0.32789301889236466,Q2
2,120.5,-47.14201029473684,0.33710990430544224,Q2
2,121,-47.13580866666667,0.3395725955199633,Q2
2,121.5,-47.203172631578944,0.3441167798738337,Q2
2,122,-47.34665661754386,0.3355157237484788,Q2
2,122.5,-47.39194097894737,0.33243403871980953,Q2
2,123,-47.35117932280701,0.3199567479210918,Q2
2,123.5,-47.37753932280702,0.31350708520247944,Q2
2,124,-47.32411988070175,0.3137081409173001,Q2
2,124.5,-47.23772762105263,0.3114008736431927,Q2
2,125,-47.16865475438596,0.31415383623038956,Q2
2,125.5,-47.16267959298246,0.3046735071562425,Q2
2,126,-47.089530322807015,0.30197861133947246,Q2
2,126.5,-47.032636150877195,0.2934212167678605,Q2
2,127,-46.979536814035086,0.3036742113104722,Q2
2,127.5,-46.909588463157895,0.31433802395988625,Q2
2,128,-46.84416482807018,0.32030834856391666,Q2
2,128.5,-46.87372748421053,0.31711873150051195,Q2
2,129,-46.9300521122807,0.3056089062633445,Q2
2,129.5,-46.88650843508772,0.3164314559044843,Q2
2,130,-46.87278976140351,0.3168581665123879,Q2
2,130.5,-46.88263845614035,0.328263006579607,Q2
2,131,-46.92420793684211,0.33744505913569867,Q2
2,131.5,-46.98140471578947,0.3443093654866888,Q2
2,132,-47.08166139649123,0.340738462598574,Q2
2,132.5,-47.15750153333333,0.3408143337268375,Q2
2,133,-47.2568177122807,0.3403451166971768,Q2
2,133.5,-47.2202242877193,0.3446506482946705,Q2
2,134,-47.18331858245614,0.3505144698907303,Q2
2,134.5,-47.161110912280705,0.35315509520867344,Q2
2,135,-47.12821464210526,0.357931538232627,Q2
2,135.5,-47.185261392982454,0.3656003032080013,Q2
2,136,-47.19591176140351,0.3704155528744953,Q2
2,136.5,-47.238293614035086,0.3827560733528427,Q2
2,137,-47.22713322807017,0.3865988427101918,Q2
2,137.5,-47.33906123859649,0.379817824334645,Q2
2,138,-47.39294172631579,0.3853729818035241,Q2
2,138.5,-47.365738649122804,0.3942792038137802,Q2
2,139,-47.40297347368421,0.39909777923290873,Q2
2,139.5,-47.4119507122807,0.4083188447450787,Q2
2,140,-47.438491287719295,0.4126928628257147,Q2
2,140.5,-47.59239416491228,0.3856345154957023,Q2
2,141,-47.72385308070175,0.3782367829935251,Q2
2,141.5,-47.67348782807017,0.38525372612302683,Q2
2,142,-47.68967504561404,0.3893509413633389,Q2
2,142.5,-47.69444202105263,0.39554948571175874,Q2
2,143,-47.74259134035088,0.39992357264222955,Q2
2,143.5,-47.78454943859649,0.40926640689751603,Q2
2,144,-47.95612458947368,0.4059488039730203,Q2
2,144.5,-48.09186058596491,0.41129794929813035,Q2
2,145,-48.12227030526316,0.40471940785025523,Q2
2,145.5,-48.08288125964912,0.4129008945955577,Q2
2,146,-48.051657792982454,0.4255591447585353,Q2
2,146.5,-48.18546270877193,0.4356020696521719,Q2
2,147,-48.26248834035088,0.430560248314797,Q2
2,147.5,-48.30642030526316,0.4427907137995357,Q2
2,148,-48.38581245614035,0.4355631952493435,Q2
2,148.5,-48.447910698245614,0.4388212467801688,Q2
2,149,-48.41716909122807,0.43071649770786175,Q2
2,149.5,-48.3866273122807,0.425725552788035,Q2
2,150,-48.24318458596491,0.42594165714176674,Q2
2,150.5,-48.19197282105263,0.4272392948549696,Q2
2,151,-48.14296843508772,0.4349544354858175,Q2
2,151.5,-48.12640712631579,0.4487080324345259,Q2
2,152,-48.1571275122807,0.4553011712451196,Q2
2,152.5,-48.08564292280702,0.45695643549490284,Q2
2,153,-47.944907856140354,0.46088244669571127,Q2
2,153.5,-47.91821924210526,0.4560194746285632,Q2
2,154,-47.99782677192982,0.45755998593736796,Q2
2,154.5,-48.02396850877193,0.46775778924832206,Q2
2,155,-48.021500719298245,0.46493094258026385,Q2
2,155.5,-47.92621621754386,0.46680229707139054,Q2
2,156,-47.6868768,0.4535966903739072,Q2
2,156.5,-47.468795919298245,0.4537910109919265,Q2
2,157,-47.385334280701755,0.45514072931986843,Q2
2,157.5,-47.46404394035088,0.44050859526795555,Q2
2,158,-47.43232941754386,0.4317623647636271,Q2
2,158.5,-47.315862687719296,0.4170139548542042,Q2
2,159,-47.157959652631575,0.4146107984009822,Q2
2,159.5,-46.95183181754386,0.4177804388058534,Q2
2,160,-46.85631258245614,0.423986963742403,Q2
2,160.5,-46.56372136140351,0.4318293726552154,Q2
2,161,-46.35310700350877,0.4275721425471634,Q2
2,161.5,-46.10024582807017,0.4303479247547344,Q2
2,162,-45.87120051929824,0.4283305392808464,Q2
2,162.5,-45.83363274035088,0.4337419507064428,Q2
2,163,-45.76707500350877,0.45060834903684877,Q2
2,163.5,-45.82643591929824,0.4499289902698244,Q2
2,164,-45.823786,0.4402851295073274,Q2
2,164.5,-45.7774408877193,0.43573894861979034,Q2
2,165,-45.695700522807016,0.4165865845003156,Q2
2,165.5,-45.64353040350877,0.41520793146408325,Q2
2,166,-45.68897554035088,0.41756613739095044,Q2
2,166.5,-45.861015143859646,0.41746106292319674,Q2
2,167,-46.14010403508772,0.4212372327763231,Q2
2,167.5,-46.42011630175438,0.4419549058689991,Q2
2,168,-46.79317504210526,0.4483848332966601,Q2
2,168.5,-47.03303708421053,0.4631150336568045,Q2
2,169,-47.242483375438596,0.463565054558302,Q2
2,169.5,-47.44284838947368,0.44674980195247743,Q2
2,170,-47.58849174385965,0.45138953086118144,Q2
3,45,-55.01854388421052,0.5086388939560933,Q3
3,45.5,-54.86927607368421,0.5193270227572774,Q3
3,46,-54.69911832631579,0.5077339589851565,Q3
3,46.5,-54.32488150175438,0.5003635957148088,Q3
3,47,-54.319819428070176,0.49805100053747814,Q3
3,47.5,-54.18086006666667,0.49239611847673237,Q3
3,48,-54.15109893333333,0.48723389449772386,Q3
3,48.5,-54.00929083508772,0.4850102389202214,Q3
3,49,-53.76823655087719,0.4793566468357765,Q3
3,49.5,-53.47337082456141,0.4731421897286171,Q3
3,50,-53.10365943157895,0.46341750921710456,Q3
3,50.5,-52.84848048070175,0.4533019794054282,Q3
3,51,-52.625641687719295,0.44048808978938997,Q3
3,51.5,-52.54056399649123,0.4342745412354923,Q3
3,52,-52.39836083157895,0.4251116132916261,Q3
3,52.5,-52.21846434385965,0.42009297278207275,Q3
3,53,-52.04493285614035,0.41905342072664475,Q3
3,53.5,-51.87958150877193,0.4263631724698115,Q3
3,54,-51.72879912280702,0.43392579468180403,Q3
3,54.5,-51.65340987368421,0.4438045257415171,Q3
3,55,-51.610836407017544,0.4480951221104945,Q3
3,55.5,-51.52148546666667,0.4459112291970134,Q3
3,56,-51.46229540701754,0.4511769686479097,Q3
3,56.5,-51.29493683859649,0.4576046111722948,Q3
3,57,-51.1245805754386,0.46770019500984267,Q3
3,57.5,-50.91914838596491,0.47907847418078425,Q3
3,58,-50.653018024561405,0.4921186397754075,Q3
3,58.5,-50.507792950877196,0.49773594031095625,Q3
3,59,-50.269159964912284,0.5082591589279812,Q3
3,59.5,-50.02708467368421,0.501506667481149,Q3
3,60,-49.8053144,0.49397239429952944,Q3
3,60.5,-49.551770203508774,0.4819379088108874,Q3
3,61,-49.338293122807016,0.4718780191166756,Q3
3,61.5,-49.16652157894737,0.4610855290329363,Q3
3,62,-48.96731141403509,0.44724073696425437,Q3
3,62.5,-48.788097003508774,0.4427536459545868,Q3
3,63,-48.63975061052631,0.4453527497845134,Q3
3,63.5,-48.466664792982456,0.44156279964786654,Q3
3,64,-48.337357228070175,0.44324267140834783,Q3
3,64.5,-48.22910847719298,0.4442112062718817,Q3
3,65,-48.170717852631576,0.44380987062570243,Q3
3,65.5,-48.183309294736844,0.43738519585602836,Q3
3,66,-48.149586771929826,0.4328915972478985,Q3
3,66.5,-48.09854336140351,0.432737915785679,Q3
3,67,-48.034159238596494,0.42855913898810893,Q3
3,67.5,-47.881061396491226,0.4234228755460232,Q3
3,68,-47.72918232631579,0.4198893544444526,Q3
3,68.5,-47.553735894736846,0.4114582099363587,Q3
3,69,-47.39593374385965,0.4093318508612557,Q3
3,69.5,-47.24904934035088,0.4107116897162629,Q3
3,70,-47.1106119122807,0.4154828774564066,Q3
3,70.5,-47.01762153684211,0.4167870531639444,Q3
3,71,-46.96235372631579,0.4245489380481267,Q3
3,71.5,-46.9017212877193,0.4259891893591754,Q3
3,72,-46.77067455438596,0.4320103629851893,Q3
3,72.5,-46.675138971929826,0.4376298144673061,Q3
3,73,-46.53185512631579,0.45034391296799486,Q3
3,73.5,-46.37641952982456,0.45216925627735655,Q3
3,74,-46.27540023859649,0.4487244379163017,Q3
3,74.5,-46.140179189473685,0.44434060912089,Q3
3,75,-46.098910150877195,0.45122275893238817,Q3
3,75.5,-45.93206284912281,0.44118180211783947,Q3
3,76,-45.80350334035088,0.4326106370692471,Q3
3,76.5,-45.66314377894737,0.42706434055603854,Q3
3,77,-45.502918003508775,0.4226520606813786,Q3
3,77.5,-45.387117536842105,0.4142947590224249,Q3
3,78,-45.30464486666667,0.41222049704789493,Q3
3,78.5,-45.19235407017544,0.40977394353945196,Q3
3,79,-45.06910000350877,0.4115117012904759,Q3
3,79.5,-44.93558796491228,0.409943759940648,Q3
3,80,-44.82910330526316,0.41453103482681963,Q3
3,80.5,-44.722241094736845,0.4084259612134641,Q3
3,81,-44.66071478947369,0.4065694353547793,Q3
3,81.5,-44.57174633333333,0.399310958597514,Q3
3,82,-44.48249506315789,0.4011864405670367,Q3
3,82.5,-44.45145516140351,0.40930128653712733,Q3
3,83,-44.349932396491226,0.42453870849524233,Q3
3,83.5,-44.23491783157895,0.4468633382821973,Q3
3,84,-44.058492042105264,0.450991569907776,Q3
3,84.5,-43.84820974035088,0.43217331527460384,Q3
3,85,-43.728560712280704,0.4243202453808277,Q3
3,85.5,-43.57614529473684,0.4217449452274256,Q3
3,86,-43.42680336140351,0.4277953394979652,Q3
3,86.5,-43.21246941754386,0.4242248004443894,Q3
3,87,-42.89434335789473,0.4261266082771122,Q3
3,87.5,-42.57304874385965,0.4209282243174437,Q3
3,88,-42.3445900877193,0.41432788423449,Q3
3,88.5,-42.38667029824561,0.4015519012589203,Q3
3,89,-42.62828084912281,0.39207563257337114,Q3
3,89.5,-42.941187698245614,0.3907864604511345,Q3
3,91,-44.13579425614035,0.4544420196132033,Q3
3,91.5,-44.06929378947368,0.45478848870207794,Q3
3,92,-44.29318923508772,0.4472618634297685,Q3
3,92.5,-44.49147297894737,0.4385349909336605,Q3
3,93,-44.6233869122807,0.43878029495836557,Q3
3,93.5,-44.73967323157895,0.4310993903300934,Q3
3,94,-44.74852880350877,0.4454933633272594,Q3
3,94.5,-44.67919580701754,0.44868175995354914,Q3
3,95,-44.694688424561406,0.44779742547982304,Q3
3,95.5,-44.849229049122805,0.43801447853479614,Q3
3,96,-45.035515536842105,0.4323964257775764,Q3
3,96.5,-45.24790097192982,0.4311113961758071,Q3
3,97,-45.418797764912284,0.4238212972455373,Q3
3,97.5,-45.401732459649125,0.41950237807613633,Q3
3,98,-45.276411701754384,0.4162790195247145,Q3
3,98.5,-45.166908192982454,0.4102125965162056,Q3
3,99,-45.177733592982456,0.3888918566206,Q3
3,99.5,-45.30570322105263,0.3789898610265695,Q3
3,100,-45.35052299649123,0.38159921583283185,Q3
3,100.5,-45.36510580701754,0.384129612161713,Q3
3,101,-45.3489674631579,0.38523349186241124,Q3
3,101.5,-45.30779567368421,0.3795496756039316,Q3
3,102,-45.283022561403506,0.3691340603426542,Q3
3,102.5,-45.325243175438594,0.3654673787180114,Q3
3,103,-45.24195231929824,0.3708896416159061,Q3
3,103.5,-45.20167821754386,0.36840117369436753,Q3
3,104,-45.152822115789476,0.3670422315928056,Q3
3,104.5,-45.173399807017546,0.37667077787535724,Q3
3,105,-45.208115154385965,0.3780455639627395,Q3
3,105.5,-45.27133904912281,0.3731715627737338,Q3
3,106,-45.29559023508772,0.36633281372576904,Q3
3,106.5,-45.26532493333333,0.36225196525276177,Q3
3,107,-45.10022194385965,0.36067603961421846,Q3
3,107.5,-45.05237004561403,0.35174852303909543,Q3
3,108,-45.04763148421053,0.3582510615811026,Q3
3,108.5,-45.072152491228074,0.36733092334453504,Q3
3,109,-45.02742984912281,0.3758902115971573,Q3
3,109.5,-45.00217108070176,0.37785451902416645,Q3
3,110,-44.91547163508772,0.38071095029064245,Q3
3,110.5,-44.898496136842105,0.3621333148625528,Q3
3,111,-44.858280161403506,0.3529985855305969,Q3
3,111.5,-44.81108226315789,0.3512052153845419,Q3
3,112,-44.85323932280702,0.34518589405536954,Q3
3,112.5,-44.93584033333333,0.3374515260979484,Q3
3,113,-44.91477434385965,0.32905436147585926,Q3
3,113.5,-44.74854122105263,0.33050580578406674,Q3
3,114,-44.56962670877193,0.3294342600139002,Q3
3,114.5,-44.59926765964912,0.32240414350391916,Q3
3,115,-44.61619832631579,0.3245755499649489,Q3
3,115.5,-44.482826687719296,0.3459080029473023,Q3
3,116,-44.37203135789474,0.3689171905169471,Q3
3,116.5,-44.523941785964915,0.35790258792101487,Q3
3,117,-44.52623166666667,0.3507705096043427,Q3
3,117.5,-44.48064857543859,0.34504030291372517,Q3
3,118,-44.48848838245614,0.3447177713730882,Q3
3,118.5,-44.47789458245614,0.34106657694709563,Q3
3,119,-44.47322234035088,0.34173683504308877,Q3
3,119.5,-44.414950519298245,0.3437882059321459,Q3
3,120,-44.4030828245614,0.34807051003271855,Q3
3,120.5,-44.40263896491228,0.3477428518224087,Q3
3,121,-44.365207936842104,0.35076004397220834,Q3
3,121.5,-44.410561540350876,0.35374032163989955,Q3
3,122,-44.42198036491228,0.35319820462295337,Q3
3,122.5,-44.49947729122807,0.3483289552461516,Q3
3,123,-44.501898922807015,0.3401037950379916,Q3
3,123.5,-44.524731214035086,0.32853754319968387,Q3
3,124,-44.46428583859649,0.33079025548385715,Q3
3,124.5,-44.42827305964912,0.32310083487747276,Q3
3,125,-44.351950491228074,0.31946219631845296,Q3
3,125.5,-44.27774008421053,0.31887946179024557,Q3
3,126,-44.218784357894734,0.3262155104436464,Q3
3,126.5,-44.218435336842106,0.3250190413340368,Q3
3,127,-44.24924054385965,0.3212803354685408,Q3
3,127.5,-44.218085933333334,0.3222081945437235,Q3
3,128,-44.22253901754386,0.3227084027947243,Q3
3,128.5,-44.18883355789474,0.3261215764354092,Q3
3,129,-44.12814217894737,0.3270290259588462,Q3
3,129.5,-44.05502116842105,0.3398182764564568,Q3
3,130,-44.058262582456145,0.3434158614802798,Q3
3,130.5,-44.063804101754386,0.3419021494693982,Q3
3,131,-44.14156355438597,0.3441345431211898,Q3
3,131.5,-44.19147152631579,0.34563422172281594,Q3
3,132,-44.26365612982456,0.33956648777367743,Q3
3,132.5,-44.337650157894736,0.3466962599497648,Q3
3,133,-44.34993509473684,0.33946253307099883,Q3
3,133.5,-44.341695224561406,0.3469880321112659,Q3
3,134,-44.312951266666666,0.35171521514589205,Q3
3,134.5,-44.351540628070175,0.35562805993237356,Q3
3,135,-44.37838504561403,0.3584864705135905,Q3
3,135.5,-44.35265591578948,0.3653924557606895,Q3
3,136,-44.32256523859649,0.3742534993012601,Q3
3,136.5,-44.31303683859649,0.38402452543161014,Q3
3,137,-44.31218599298246,0.39761691502187513,Q3
3,137.5,-44.46049395087719,0.3891103277174037,Q3
3,138,-44.55105218245614,0.3795163272496727,Q3
3,138.5,-44.49990314035088,0.3927396694516533,Q3
3,139,-44.494281968421056,0.4045501993573838,Q3
3,139.5,-44.552782715789476,0.4103881683393821,Q3
3,140,-44.65005984561404,0.41379898613059307,Q3
3,140.5,-44.73602301052632,0.4101260297213272,Q3
3,141,-44.866295901754384,0.40022719583041616,Q3
3,141.5,-44.88845505263158,0.4009392273956758,Q3
3,142,-44.89148599298246,0.40266116079295744,Q3
3,142.5,-44.88580617192982,0.40847206657389706,Q3
3,143,-44.88971389473684,0.4112818599190824,Q3
3,143.5,-44.98798023508772,0.4165167167969227,Q3
3,144,-45.119361954385965,0.41276803879035895,Q3
3,144.5,-45.247624698245616,0.4088796875790924,Q3
3,145,-45.24272697894737,0.4123427002720347,Q3
3,145.5,-45.26740329122807,0.40939657572611354,Q3
3,146,-45.29825453684211,0.41469317853112736,Q3
3,146.5,-45.29903831929825,0.4276522323936825,Q3
3,147,-45.28719985964912,0.4404532137073559,Q3
3,147.5,-45.424921038596494,0.4412329086851982,Q3
3,148,-45.48019599298246,0.4458257402765072,Q3
3,148.5,-45.53273669473684,0.4378219995156912,Q3
3,149,-45.52708294736842,0.4314067854361072,Q3
3,149.5,-45.45941092631579,0.42589410381023085,Q3
3,150,-45.377667207017545,0.4327419456492922,Q3
3,150.5,-45.32802438596491,0.4329750593358388,Q3
3,151,-45.23082438947368,0.4430595930934095,Q3
3,151.5,-45.15958893333333,0.4640177164303718,Q3
3,152,-45.131059042105264,0.476501431550193,Q3
3,152.5,-45.04859820701754,0.4778549786943413,Q3
3,153,-44.90179027017544,0.47050276844857236,Q3
3,153.5,-44.89347818596491,0.47409553643998775,Q3
3,154,-44.92372985964912,0.47752731451255537,Q3
3,154.5,-44.99825052982456,0.4888250623244802,Q3
3,155,-44.95251564912281,0.4913741928164907,Q3
3,155.5,-44.86193002807018,0.48161557466465105,Q3
3,156,-44.6701682631579,0.4686335704209987,Q3
3,156.5,-44.56569294736842,0.45110706608872575,Q3
3,157,-44.48597819649123,0.44032519752667415,Q3
3,157.5,-44.48038120350877,0.4434328096181535,Q3
3,158,-44.41487933333333,0.4459822112484039,Q3
3,158.5,-44.34568963508772,0.441521842248925,Q3
3,159,-44.218782442105265,0.4275090246837872,Q3
3,159.5,-44.09989381754386,0.41879354974793886,Q3
3,160,-43.86516369824562,0.4236406661490574,Q3
3,160.5,-43.60264914035088,0.426901668775402,Q3
3,161,-43.27811245614035,0.42957530968948227,Q3
3,161.5,-43.08740150526316,0.4221851233156627,Q3
3,162,-42.8878121754386,0.4258452816429866,Q3
3,162.5,-42.71093623157895,0.44553886616772825,Q3
3,163,-42.741050192982456,0.4570425652541868,Q3
3,163.5,-42.7603910877193,0.46366394967484437,Q3
3,164,-42.81548314035088,0.4552839800068944,Q3
3,164.5,-42.76049884561404,0.43319434904637166,Q3
3,165,-42.621947133333336,0.42995250219359105,Q3
3,165.5,-42.4888992877193,0.42353648041249337,Q3
3,166,-42.459014207017546,0.4196827021456676,Q3
3,166.5,-42.65666627368421,0.41860995794282635,Q3
3,167,-42.96034928421053,0.4161928010854441,Q3
3,167.5,-43.33183118947368,0.43444970341288625,Q3
3,168,-43.704999842105266,0.44868484654729035,Q3
3,168.5,-43.82730592631579,0.4716585215592578,Q3
3,169,-43.94177837192982,0.4866923232100031,Q3
3,169.5,-44.125403596491225,0.47720213059770755,Q3
3,170,-44.402876936842105,0.4757118971386862,Q3
4,45,-52.06995176491228,0.5454581775202554,Q4
4,45.5,-51.95370162105263,0.5441443249476176,Q4
4,46,-51.81811498245614,0.54710709751888,Q4
4,46.5,-51.38546349824561,0.5407835666663382,Q4
4,47,-51.42554063157895,0.5416519916582891,Q4
4,47.5,-51.26536797543859,0.5345676021588809,Q4
4,48,-51.2744946877193,0.5354346309838567,Q4
4,48.5,-51.13495323157895,0.5318937646172113,Q4
4,49,-50.885779792982454,0.5325392471127507,Q4
4,49.5,-50.580918971929826,0.5269900915719856,Q4
4,50,-50.27029215438596,0.5228873845502361,Q4
4,50.5,-50.00810124210526,0.5160062048660703,Q4
4,51,-49.77566180350877,0.509005937646987,Q4
4,51.5,-49.66052357894737,0.49693074792673964,Q4
4,52,-49.534113449122806,0.4823913111137142,Q4
4,52.5,-49.42404208421053,0.47320587860918856,Q4
4,53,-49.25621084912281,0.4719471716513107,Q4
4,53.5,-49.142814119298244,0.47737146349132253,Q4
4,54,-48.901327719298244,0.48518174388719465,Q4
4,54.5,-48.804883719298246,0.4935322458890811,Q4
4,55,-48.76189870175438,0.4987656883439239,Q4
4,55.5,-48.703378407017546,0.5078106398560838,Q4
4,56,-48.57349301754386,0.5126921844998447,Q4
4,56.5,-48.425849105263154,0.5140934486233766,Q4
4,57,-48.22061432631579,0.519693896942292,Q4
4,57.5,-48.05710146315789,0.5248564419645597,Q4
4,58,-47.86062105964912,0.5350162743552882,Q4
4,58.5,-47.72294347368421,0.529111708725895,Q4
4,59,-47.5612979122807,0.5235317513938528,Q4
4,59.5,-47.341150266666666,0.5206440423265722,Q4
4,60,-47.095430610526314,0.5154232234287249,Q4
4,60.5,-46.77815815789474,0.5005766972025406,Q4
4,61,-46.5950907754386,0.4909575330412549,Q4
4,61.5,-46.41452522105263,0.48878955512692285,Q4
4,62,-46.228113396491224,0.4882340275401981,Q4
4,62.5,-46.10267780701754,0.4882502985347986,Q4
4,63,-45.93372634736842,0.49160097216713927,Q4
4,63.5,-45.76624838947368,0.4849363176894627,Q4
4,64,-45.63822540701754,0.486008592988883,Q4
4,64.5,-45.47745050526316,0.48090792558547724,Q4
4,65,-45.41184707017544,0.47657083776354636,Q4
4,65.5,-45.370948943859645,0.4781362095288878,Q4
4,66,-45.33626705614035,0.49040395182800334,Q4
4,66.5,-45.247039017543855,0.4924895607435098,Q4
4,67,-45.16039785964912,0.48669417970560497,Q4
4,67.5,-45.051747287719294,0.49073588890423725,Q4
4,68,-44.931101652631575,0.48141373082439415,Q4
4,68.5,-44.77517208070175,0.471392673317327,Q4
4,69,-44.6169668245614,0.47025212931795207,Q4
4,69.5,-44.437946543859645,0.46208122147926756,Q4
4,70,-44.2767287754386,0.45458787163178493,Q4
4,70.5,-44.158899550877194,0.462357801102111,Q4
4,71,-44.021342866666664,0.463273871236823,Q4
4,71.5,-43.912668631578946,0.46725960972809566,Q4
4,72,-43.822177333333336,0.47171218472291926,Q4
4,72.5,-43.71680003859649,0.4767687935961647,Q4
4,73,-43.63345749473684,0.4817371313343937,Q4
4,73.5,-43.50165894035088,0.484234480321346,Q4
4,74,-43.39156039649123,0.4937861864270382,Q4
4,74.5,-43.22691600350877,0.4922257507311985,Q4
4,75,-43.097224235087715,0.48945983656575076,Q4
4,75.5,-42.99187199298245,0.49008138381321353,Q4
4,76,-42.88559916491228,0.48348419505155643,Q4
4,76.5,-42.82410491578947,0.47792494588385837,Q4
4,77,-42.732448431578945,0.4666789181091104,Q4
4,77.5,-42.578376859649126,0.45937569202426837,Q4
4,78,-42.404416898245614,0.4536210665529775,Q4
4,78.5,-42.28173670877193,0.45149780095319914,Q4
4,79,-42.189555526315786,0.4530553108058407,Q4
4,79.5,-42.08878783859649,0.44926360396682946,Q4
4,80,-41.94758754385965,0.4515810339617312,Q4
4,80.5,-41.83831150175438,0.45903035519634855,Q4
4,81,-41.73668099298246,0.4639478277549037,Q4
4,81.5,-41.70309310877193,0.467858880511642,Q4
4,82,-41.65363667017544,0.4684301453120923,Q4
4,82.5,-41.610340887719296,0.4691067701212151,Q4
4,83,-41.48949592631579,0.4669851719165332,Q4
4,83.5,-41.33164730877193,0.4621873783195054,Q4
4,84,-41.142985782456144,0.45757654453704666,Q4
4,84.5,-40.918623866666664,0.46343753556676787,Q4
4,85,-40.78059798596491,0.46069567215445356,Q4
4,85.5,-40.575522343859646,0.471631373810622,Q4
4,86,-40.40390305614035,0.47371966926526143,Q4
4,86.5,-40.17472678245614,0.4741777884008771,Q4
4,87,-39.87867568421053,0.4774856742426465,Q4
4,87.5,-39.512299866666666,0.47253588971288785,Q4
4,88,-39.32272151929824,0.464354532805479,Q4
4,88.5,-39.33228316842105,0.45621372392694504,Q4
4,89,-39.59378620350877,0.44443236980145134,Q4
4,89.5,-39.99332556491228,0.441026323186006,Q4
4,91,-41.03261799298245,0.48167460995219236,Q4
4,91.5,-41.07056995789473,0.46797475214671863,Q4
4,92,-41.26681455087719,0.4566992708620965,Q4
4,92.5,-41.48904234736842,0.4468018937614151,Q4
4,93,-41.64606971578947,0.45603769741191097,Q4
4,93.5,-41.72295302807017,0.4574085031109285,Q4
4,94,-41.70538714035088,0.464446312968876,Q4
4,94.5,-41.72601849473684,0.46361515829280237,Q4
4,95,-41.72030730175438,0.46134047101022263,Q4
4,95.5,-41.84158949473684,0.4584422034405318,Q4
4,96,-42.007725214035084,0.453961551491176,Q4
4,96.5,-42.16078636140351,0.44714604659346024,Q4
4,97,-42.296373852631575,0.44814080101041814,Q4
4,97.5,-42.305452284210524,0.44345914242719653,Q4
4,98,-42.298914417543855,0.4420634277337785,Q4
4,98.5,-42.2011664631579,0.44098769582156616,Q4
4,99,-42.149672782456136,0.4365207594931356,Q4
4,99.5,-42.24932705964912,0.4321765941192765,Q4
4,100,-42.36758991929825,0.4300362298090165,Q4
4,100.5,-42.47840355087719,0.42226689816732343,Q4
4,101,-42.483390470175436,0.42220657098597947,Q4
4,101.5,-42.41143646315789,0.4179974456142131,Q4
4,102,-42.34333415087719,0.4183162644875404,Q4
4,102.5,-42.25883233333333,0.4195854265746306,Q4
4,103,-42.19802945614035,0.4161278160205707,Q4
4,103.5,-42.20047687719298,0.4084004968906218,Q4
4,104,-42.140031280701756,0.40392846992066245,Q4
4,104.5,-42.117100168421054,0.406924694291392,Q4
4,105,-42.15053932280701,0.4078120610921527,Q4
4,105.5,-42.23549016842105,0.4039405721461662,Q4
4,106,-42.24826983859649,0.4000747791835745,Q4
4,106.5,-42.196317105263155,0.39826081073497105,Q4
4,107,-42.08934482105263,0.39385639435028946,Q4
4,107.5,-42.00185166666667,0.38707394362974534,Q4
4,108,-42.02681617894737,0.38107195465456456,Q4
4,108.5,-42.1009556491228,0.3720586432831944,Q4
4,109,-42.12907050526316,0.37912359215875996,Q4
4,109.5,-42.05778201403509,0.3890544072938891,Q4
4,110,-42.00704698596491,0.3910685883962811,Q4
4,110.5,-41.9664736,0.39041219868354143,Q4
4,111,-41.916069849122806,0.38445559180356026,Q4
4,111.5,-41.96632177894737,0.3840006949612738,Q4
4,112,-41.979618238596494,0.3849786662642841,Q4
4,112.5,-41.99713053333333,0.38773670071446203,Q4
4,113,-41.925620112280704,0.3859024815266029,Q4
4,113.5,-41.79030454736842,0.38125435248116396,Q4
4,114,-41.67865743508772,0.37259743635564685,Q4
4,114.5,-41.68451039649123,0.3669083131840612,Q4
4,115,-41.699921228070174,0.3681189396289271,Q4
4,115.5,-41.61485005614035,0.37545961872928135,Q4
4,116,-41.42497729122807,0.38861453400356694,Q4
4,116.5,-41.52456260350877,0.3825334407540812,Q4
4,117,-41.66509723859649,0.3737062491133743,Q4
4,117.5,-41.612377957894736,0.3732456034318038,Q4
4,118,-41.60924103157895,0.37367567883270986,Q4
4,118.5,-41.56226245614035,0.3731733839496005,Q4
4,119,-41.53512116491228,0.3761265358255678,Q4
4,119.5,-41.494465210526315,0.3758236569807794,Q4
4,120,-41.454514480701754,0.3822561169764126,Q4
4,120.5,-41.42891997894737,0.3810616959630824,Q4
4,121,-41.42590056842105,0.3826995955052142,Q4
4,121.5,-41.40612749122807,0.3862747546079314,Q4
4,122,-41.47037120701754,0.37606460269334185,Q4
4,122.5,-41.4934224245614,0.38481406163168486,Q4
4,123,-41.47146587368421,0.3828182843627612,Q4
4,123.5,-41.49103053333333,0.3749245590548369,Q4
4,124,-41.48142963157895,0.36969058200523164,Q4
4,124.5,-41.44970508421053,0.36873549314210413,Q4
4,125,-41.364281715789474,0.3688321410668704,Q4
4,125.5,-41.26404029824561,0.3676926548041476,Q4
4,126,-41.287382950877195,0.3632324404762944,Q4
4,126.5,-41.23114859649123,0.3612762289238354,Q4
4,127,-41.249603754385966,0.36328171705528955,Q4
4,127.5,-41.34020689824561,0.3642226568361927,Q4
4,128,-41.352443207017544,0.36467439271332885,Q4
4,128.5,-41.238677656140354,0.37776519713835544,Q4
4,129,-41.187181978947365,0.37839369026931996,Q4
4,129.5,-41.06658863859649,0.3804268344850309,Q4
4,130,-41.02567149122807,0.3800095105690769,Q4
4,130.5,-41.03778393333333,0.38172045542040944,Q4
4,131,-41.059624375438595,0.3834799649612696,Q4
4,131.5,-41.14240590175439,0.38431553663860746,Q4
4,132,-41.193655771929826,0.38124813494509807,Q4
4,132.5,-41.25483152982456,0.3726737969233887,Q4
4,133,-41.306863887719295,0.36882662052666804,Q4
4,133.5,-41.26952049122807,0.37251900215196626,Q4
4,134,-41.262710084210525,0.37758363491961305,Q4
4,134.5,-41.300511035087716,0.3833161648860989,Q4
4,135,-41.282574371929826,0.3904532833184909,Q4
4,135.5,-41.349056985964914,0.3927222792156598,Q4
4,136,-41.35781696842105,0.4053916879401122,Q4
4,136.5,-41.32311367368421,0.41817788415965207,Q4
4,137,-41.30048665614035,0.4357496378659344,Q4
4,137.5,-41.418882354385964,0.4269159382926573,Q4
4,138,-41.4777049122807,0.4153226084400185,Q4
4,138.5,-41.425104424561404,0.41986837987413084,Q4
4,139,-41.4490419754386,0.42595178419246377,Q4
4,139.5,-41.501427336842106,0.43547666706103705,Q4
4,140,-41.55447098596491,0.43837699128301105,Q4
4,140.5,-41.68732995789473,0.436061313691452,Q4
4,141,-41.77609057192982,0.4419274422997739,Q4
4,141.5,-41.82432705614035,0.4399101781292023,Q4
4,142,-41.824870733333334,0.4430761084873695,Q4
4,142.5,-41.78276320350877,0.4347701041485594,Q4
4,143,-41.82584885614035,0.437183670778856,Q4
4,143.5,-41.85071090877193,0.44013671827763007,Q4
4,144,-41.99335716491228,0.43533412638917746,Q4
4,144.5,-42.075728898245615,0.43493138321986197,Q4
4,145,-42.156064870175435,0.4404971099641783,Q4
4,145.5,-42.12680329122807,0.448692758143916,Q4
4,146,-42.06806935438596,0.45695038611798044,Q4
4,146.5,-42.17022732631579,0.4596351362967272,Q4
4,147,-42.297853196491225,0.4551442650582533,Q4
4,147.5,-42.38444204210526,0.4646995993411088,Q4
4,148,-42.44683388421053,0.4710254572276705,Q4
4,148.5,-42.404578301754384,0.47168293918751736,Q4
4,149,-42.36604679298245,0.4720054765497794,Q4
4,149.5,-42.268839842105265,0.4607911701994066,Q4
4,150,-42.14775494736842,0.47024512777363947,Q4
4,150.5,-42.087386680701755,0.4775456025926855,Q4
4,151,-42.065905768421054,0.48171699647080973,Q4
4,151.5,-42.078340652631574,0.4940002958773811,Q4
4,152,-42.10242508070176,0.49769016737863425,Q4
4,152.5,-42.00289865263158,0.4878741513069028,Q4
4,153,-41.947448522807015,0.47626620133700837,Q4
4,153.5,-41.82305387719298,0.47974882634564053,Q4
4,154,-41.90070767368421,0.4874409840222879,Q4
4,154.5,-41.97256743508772,0.4946945673732657,Q4
4,155,-41.956017642105266,0.5010514239887166,Q4
4,155.5,-41.81203495087719,0.487252574679082,Q4
4,156,-41.61688649122807,0.47682452252204777,Q4
4,156.5,-41.43465758947368,0.47380662637217874,Q4
4,157,-41.29681529122807,0.4769230591808541,Q4
4,157.5,-41.24185389122807,0.4821328000663707,Q4
4,158,-41.210933385964914,0.48097979851098166,Q4
4,158.5,-41.0826620631579,0.48150725052214527,Q4
4,159,-40.89867076491228,0.481111257136454,Q4
4,159.5,-40.7192856,0.479809514821826,Q4
4,160,-40.54373155789474,0.4718863413796529,Q4
4,160.5,-40.39842573333333,0.4491182565220241,Q4
4,161,-40.11640406666667,0.4507968076708866,Q4
4,161.5,-39.79313227719298,0.4466372855656418,Q4
4,162,-39.61190359298246,0.44626485553404,Q4
4,162.5,-39.56545724210526,0.4548297737563856,Q4
4,163,-39.5526879122807,0.47104322780528857,Q4
4,163.5,-39.54001359649123,0.4800407714199711,Q4
4,164,-39.44499898596491,0.48135811121021627,Q4
4,164.5,-39.379518866666665,0.4677138748656912,Q4
4,165,-39.27014070526316,0.45488663830349624,Q4
4,165.5,-39.22342620350877,0.44232952741766984,Q4
4,166,-39.19474565263158,0.4395848256503679,Q4
4,166.5,-39.304422322807014,0.4468431753096512,Q4
4,167,-39.65834783859649,0.44732924410140784,Q4
4,167.5,-39.97191405964912,0.46045401303130296,Q4
4,168,-40.29940376140351,0.4771603453350487,Q4
4,168.5,-40.56452781754386,0.48666495264871096,Q4
4,169,-40.63649922105263,0.5071275441812235,Q4
4,169.5,-40.7670989368421,0.4973488115792699,Q4
4,170,-41.03987418596491,0.4953263860809613,Q4
5,45,-40.58862482456141,0.7649131784927218,Q5 (highest)
5,45.5,-40.51848240350877,0.767599941169406,Q5 (highest)
5,46,-40.344114385964915,0.7580571294356416,Q5 (highest)
5,46.5,-39.971439859649124,0.7564701892621913,Q5 (highest)
5,47,-39.95880682456141,0.7596757790897817,Q5 (highest)
5,47.5,-39.77294936842105,0.7591428998148996,Q5 (highest)
5,48,-39.754206403508775,0.7585741831288472,Q5 (highest)
5,48.5,-39.64363894736842,0.7654875839596055,Q5 (highest)
5,49,-39.489655210526315,0.77571975675594,Q5 (highest)
5,49.5,-39.27188471929824,0.7759433173737729,Q5 (highest)
5,50,-39.02642040350877,0.7776408860331429,Q5 (highest)
5,50.5,-38.87672184210526,0.7761400194193497,Q5 (highest)
5,51,-38.7345447368421,0.7704971710373287,Q5 (highest)
5,51.5,-38.73278814035088,0.7774461325050935,Q5 (highest)
5,52,-38.661952666666664,0.7817584994248916,Q5 (highest)
5,52.5,-38.457702210526314,0.7806690554239195,Q5 (highest)
5,53,-38.214842298245614,0.7827320639252376,Q5 (highest)
5,53.5,-37.961906754385964,0.7811590277982564,Q5 (highest)
5,54,-37.730983894736845,0.7854886241088079,Q5 (highest)
5,54.5,-37.57033001754386,0.7892948652112945,Q5 (highest)
5,55,-37.43698549122807,0.7971887191380392,Q5 (highest)
5,55.5,-37.34584149122807,0.8033532508320198,Q5 (highest)
5,56,-37.26101245614035,0.8079342335522928,Q5 (highest)
5,56.5,-37.11129319298246,0.8062661761527754,Q5 (highest)
5,57,-36.905827561403505,0.8024713917174413,Q5 (highest)
5,57.5,-36.7006131754386,0.7982756494078216,Q5 (highest)
5,58,-36.50450240350877,0.7968336658719516,Q5 (highest)
5,58.5,-36.41435331578948,0.7967502248170081,Q5 (highest)
5,59,-36.31490736842105,0.8003146559485872,Q5 (highest)
5,59.5,-36.18334742105263,0.8036426967221768,Q5 (highest)
5,60,-36.05338289473684,0.8067091238083088,Q5 (highest)
5,60.5,-35.82465554385965,0.8046668696795216,Q5 (highest)
5,61,-35.6414258245614,0.7997571988458854,Q5 (highest)
5,61.5,-35.46661178947368,0.7942586810449574,Q5 (highest)
5,62,-35.218874438596494,0.7886490558664816,Q5 (highest)
5,62.5,-35.1063792631579,0.7861340775149624,Q5 (highest)
5,63,-35.036772842105265,0.7779839605762373,Q5 (highest)
5,63.5,-34.988369298245615,0.7765612417430079,Q5 (highest)
5,64,-34.90693328070176,0.7800288556814242,Q5 (highest)
5,64.5,-34.64003856140351,0.7710449190256793,Q5 (highest)
5,65,-34.45305203508772,0.768862609253398,Q5 (highest)
5,65.5,-34.31915184210526,0.7711049548635667,Q5 (highest)
5,66,-34.216528315789475,0.7826633590121486,Q5 (highest)
5,66.5,-34.07332438596491,0.7870834501004634,Q5 (highest)
5,67,-33.828007666666664,0.7750543324340262,Q5 (highest)
5,67.5,-33.61808238596491,0.7702275603458121,Q5 (highest)
5,68,-33.472958385964915,0.7678849145133899,Q5 (highest)
5,68.5,-33.33072045614035,0.7648510300763237,Q5 (highest)
5,69,-33.21817042105263,0.7615591338726327,Q5 (highest)
5,69.5,-33.17918433333333,0.764068626424091,Q5 (highest)
5,70,-33.03557094736842,0.7678548351997327,Q5 (highest)
5,70.5,-32.931210350877194,0.7832393378249042,Q5 (highest)
5,71,-32.72947119298246,0.7829342698570485,Q5 (highest)
5,71.5,-32.630324175438595,0.7924155705329454,Q5 (highest)
5,72,-32.46921743859649,0.7964862122961095,Q5 (highest)
5,72.5,-32.31396133333333,0.7961705211529745,Q5 (highest)
5,73,-32.172957385964914,0.8008992113005169,Q5 (highest)
5,73.5,-32.055725877192984,0.8094258916760301,Q5 (highest)
5,74,-31.935336228070174,0.8148799303529359,Q5 (highest)
5,74.5,-31.78707203508772,0.8174521219753098,Q5 (highest)
5,75,-31.60698845614035,0.8169122515894618,Q5 (highest)
5,75.5,-31.493233456140352,0.8251221644979982,Q5 (highest)
5,76,-31.266586175438597,0.8201761205889759,Q5 (highest)
5,76.5,-31.04878798245614,0.8143627885492868,Q5 (highest)
5,77,-30.92788903508772,0.8141099520463589,Q5 (highest)
5,77.5,-30.828517263157895,0.8126178836982586,Q5 (highest)
5,78,-30.87117103508772,0.8215234818221158,Q5 (highest)
5,78.5,-30.735246842105262,0.8074865228481395,Q5 (highest)
5,79,-30.586359192982457,0.7961608566296089,Q5 (highest)
5,79.5,-30.518945807017545,0.8034254733850043,Q5 (highest)
5,80,-30.375368263157895,0.7992100017239276,Q5 (highest)
5,80.5,-30.299637122807017,0.8079924643466457,Q5 (highest)
5,81,-30.171930192982455,0.8146168215068528,Q5 (highest)
5,81.5,-29.929874684210525,0.8026839347905775,Q5 (highest)
5,82,-29.74023505263158,0.7977542534746317,Q5 (highest)
5,82.5,-29.58948098245614,0.7919660769856764,Q5 (highest)
5,83,-29.45467401754386,0.7915472052677901,Q5 (highest)
5,83.5,-29.34214363157895,0.7765714258842503,Q5 (highest)
5,84,-29.243189333333333,0.7683047463717636,Q5 (highest)
5,84.5,-29.095734929824562,0.7638640026314162,Q5 (highest)
5,85,-28.895713789473685,0.7575889139295778,Q5 (highest)
5,85.5,-28.726114192982457,0.7571794449983839,Q5 (highest)
5,86,-28.64893561403509,0.7649710759685389,Q5 (highest)
5,86.5,-28.539264298245612,0.7724460068728429,Q5 (highest)
5,87,-28.293739649122806,0.7770995014893776,Q5 (highest)
5,87.5,-27.950528070175437,0.7701092264085502,Q5 (highest)
5,88,-27.691466859649122,0.7615911529950036,Q5 (highest)
5,88.5,-27.71000601754386,0.7620512271759713,Q5 (highest)
5,89,-28.00332863157895,0.7687886518515669,Q5 (highest)
5,89.5,-28.404300842105265,0.7723779760892752,Q5 (highest)
5,91,-29.333158210526317,0.7604017084544414,Q5 (highest)
5,91.5,-29.59275914035088,0.7369518179428313,Q5 (highest)
5,92,-29.79912342105263,0.7142506554435627,Q5 (highest)
5,92.5,-29.962425666666668,0.7083069636623033,Q5 (highest)
5,93,-30.00756952631579,0.7240849431636432,Q5 (highest)
5,93.5,-30.00791947368421,0.7293603084472993,Q5 (highest)
5,94,-29.96337984210526,0.7195229674663447,Q5 (highest)
5,94.5,-29.973476596491228,0.7152226853647375,Q5 (highest)
5,95,-30.04025592982456,0.7125920180763158,Q5 (highest)
5,95.5,-30.19119392982456,0.7111883379020763,Q5 (highest)
5,96,-30.363311701754387,0.7064767558311915,Q5 (highest)
5,96.5,-30.60299347368421,0.7094276439276388,Q5 (highest)
5,97,-30.7532990877193,0.7173221464733412,Q5 (highest)
5,97.5,-30.845500771929824,0.7283923187804837,Q5 (highest)
5,98,-30.841612789473686,0.7372077366173448,Q5 (highest)
5,98.5,-30.732823789473684,0.7408797617774658,Q5 (highest)
5,99,-30.705973052631578,0.7412258557017133,Q5 (highest)
5,99.5,-30.806910473684212,0.7307202392248306,Q5 (highest)
5,100,-30.987090877192983,0.7154412318153357,Q5 (highest)
5,100.5,-31.047805,0.6954003189180261,Q5 (highest)
5,101,-31.060373771929825,0.6865761277589064,Q5 (highest)
5,101.5,-31.06737607017544,0.6853648061750117,Q5 (highest)
5,102,-31.029565157894737,0.6841414321541903,Q5 (highest)
5,102.5,-30.945288350877192,0.6676078899954389,Q5 (highest)
5,103,-30.908749789473685,0.6550554027273618,Q5 (highest)
5,103.5,-30.944910385964914,0.6543481714300342,Q5 (highest)
5,104,-30.960455421052632,0.6555273466768394,Q5 (highest)
5,104.5,-31.031311912280703,0.6537029081569684,Q5 (highest)
5,105,-31.028885842105264,0.6448013104579168,Q5 (highest)
5,105.5,-30.97915350877193,0.6312211794597176,Q5 (highest)
5,106,-30.920707929824562,0.6207905207520353,Q5 (highest)
5,106.5,-30.92842494736842,0.6237927455353026,Q5 (highest)
5,107,-30.844309368421055,0.6186630596382541,Q5 (highest)
5,107.5,-30.80196256140351,0.6120430680672162,Q5 (highest)
5,108,-30.780586771929826,0.6085651411637127,Q5 (highest)
5,108.5,-30.849329824561405,0.6124792308693692,Q5 (highest)
5,109,-30.9334960877193,0.6163546129359848,Q5 (highest)
5,109.5,-30.919782,0.6103288436110428,Q5 (highest)
5,110,-30.893883789473684,0.6025433127245304,Q5 (highest)
5,110.5,-30.826618614035088,0.6002217777619362,Q5 (highest)
5,111,-30.79189,0.6078851594021937,Q5 (highest)
5,111.5,-30.844290771929824,0.6176163452798201,Q5 (highest)
5,112,-30.92603101754386,0.6217139313032374,Q5 (highest)
5,112.5,-30.930847368421052,0.6142079125142341,Q5 (highest)
5,113,-30.956259701754387,0.6101824145239484,Q5 (highest)
5,113.5,-30.942453228070175,0.6129670282200206,Q5 (highest)
5,114,-30.872489807017544,0.6133175514714809,Q5 (highest)
5,114.5,-30.823285140350876,0.606611835746383,Q5 (highest)
5,115,-30.861006789473684,0.6003762524766373,Q5 (highest)
5,115.5,-30.693402614035087,0.5831167415257784,Q5 (highest)
5,116,-30.53003363157895,0.573093138671623,Q5 (highest)
5,116.5,-30.640967842105262,0.5815541015489856,Q5 (highest)
5,117,-30.73137503508772,0.602569136528718,Q5 (highest)
5,117.5,-30.651770175438596,0.6144124279073779,Q5 (highest)
5,118,-30.586670736842105,0.6237391971719712,Q5 (highest)
5,118.5,-30.482814842105263,0.6118630891605993,Q5 (highest)
5,119,-30.461785070175438,0.6074855200569538,Q5 (highest)
5,119.5,-30.458239157894738,0.6063991063503608,Q5 (highest)
5,120,-30.424468245614037,0.6099737845990513,Q5 (highest)
5,120.5,-30.37765203508772,0.6147272445459174,Q5 (highest)
5,121,-30.29858901754386,0.6127507774614089,Q5 (highest)
5,121.5,-30.296509561403507,0.6222948088103515,Q5 (highest)
5,122,-30.371556157894737,0.6267764226446995,Q5 (highest)
5,122.5,-30.335062701754385,0.6165775363400783,Q5 (highest)
5,123,-30.22933438596491,0.6042574295244628,Q5 (highest)
5,123.5,-30.213268245614035,0.5952863913087069,Q5 (highest)
5,124,-30.264811333333334,0.5922378821022058,Q5 (highest)
5,124.5,-30.29391492982456,0.5831841159539255,Q5 (highest)
5,125,-30.350832877192982,0.5845794648270128,Q5 (highest)
5,125.5,-30.300752578947368,0.5787563472845696,Q5 (highest)
5,126,-30.376893754385964,0.5854453583518358,Q5 (highest)
5,126.5,-30.435613105263158,0.5908924650395625,Q5 (highest)
5,127,-30.48697496491228,0.5912010484572167,Q5 (highest)
5,127.5,-30.480509666666666,0.5953817325146005,Q5 (highest)
5,128,-30.38643710526316,0.5842218229715149,Q5 (highest)
5,128.5,-30.35416798245614,0.5818962775484338,Q5 (highest)
5,129,-30.367247912280703,0.5877606927449105,Q5 (highest)
5,129.5,-30.31790196491228,0.5907238048783722,Q5 (highest)
5,130,-30.37251103508772,0.599429034830722,Q5 (highest)
5,130.5,-30.407145859649123,0.6044033017833249,Q5 (highest)
5,131,-30.39175696491228,0.6065397994807589,Q5 (highest)
5,131.5,-30.362521877192982,0.5929970106585514,Q5 (highest)
5,132,-30.41616064912281,0.595648700552943,Q5 (highest)
5,132.5,-30.527619842105263,0.6042447795564276,Q5 (highest)
5,133,-30.621015105263158,0.6042570215499455,Q5 (highest)
5,133.5,-30.5559110877193,0.6010763346072161,Q5 (highest)
5,134,-30.51110763157895,0.600040019172264,Q5 (highest)
5,134.5,-30.524817263157896,0.5990528066789067,Q5 (highest)
5,135,-30.56229449122807,0.5914346439196989,Q5 (highest)
5,135.5,-30.630431403508773,0.5885749972004906,Q5 (highest)
5,136,-30.66819003508772,0.5807829510635439,Q5 (highest)
5,136.5,-30.658521824561404,0.5627727664454732,Q5 (highest)
5,137,-30.57894005263158,0.5479544954429051,Q5 (highest)
5,137.5,-30.62163194736842,0.5414542333466308,Q5 (highest)
5,138,-30.765522228070175,0.5491520208672033,Q5 (highest)
5,138.5,-30.730382701754387,0.5494893719735102,Q5 (highest)
5,139,-30.692294684210527,0.5554758616922432,Q5 (highest)
5,139.5,-30.667485140350877,0.5606660166556828,Q5 (highest)
5,140,-30.725411684210528,0.5661700105352483,Q5 (highest)
5,140.5,-30.774240192982457,0.5489398953574064,Q5 (highest)
5,141,-30.8667150877193,0.5408078128394487,Q5 (highest)
5,141.5,-30.90749443859649,0.5457140021209843,Q5 (highest)
5,142,-30.862507192982456,0.5366120053338592,Q5 (highest)
5,142.5,-30.9250029122807,0.5385639005820089,Q5 (highest)
5,143,-31.069447333333333,0.5526345975326081,Q5 (highest)
5,143.5,-31.19418001754386,0.563344191186308,Q5 (highest)
5,144,-31.260370228070176,0.5694866298723106,Q5 (highest)
5,144.5,-31.30042705263158,0.5747234465733126,Q5 (highest)
5,145,-31.369207210526316,0.5727495100827126,Q5 (highest)
5,145.5,-31.39416561403509,0.5649106886248698,Q5 (highest)
5,146,-31.406012350877194,0.5652925298281604,Q5 (highest)
5,146.5,-31.41925803508772,0.5652941712140532,Q5 (highest)
5,147,-31.397113807017544,0.5592013453013317,Q5 (highest)
5,147.5,-31.504559561403507,0.5590001387612565,Q5 (highest)
5,148,-31.6646538245614,0.5740225921491628,Q5 (highest)
5,148.5,-31.75367054385965,0.5779718098500601,Q5 (highest)
5,149,-31.735681754385965,0.5673924073864315,Q5 (highest)
5,149.5,-31.671841631578946,0.5670662483935112,Q5 (highest)
5,150,-31.59745605263158,0.5703406045385598,Q5 (highest)
5,150.5,-31.518330754385964,0.5730464216743228,Q5 (highest)
5,151,-31.478158614035088,0.5799265583233616,Q5 (highest)
5,151.5,-31.50128196491228,0.5808162590613836,Q5 (highest)
5,152,-31.43270601754386,0.5730890873112495,Q5 (highest)
5,152.5,-31.26550494736842,0.5643126463235258,Q5 (highest)
5,153,-31.075297754385964,0.5521601509094449,Q5 (highest)
5,153.5,-30.908127894736843,0.5445480980984613,Q5 (highest)
5,154,-30.880430596491227,0.5530579940416576,Q5 (highest)
5,154.5,-30.809043175438596,0.5619333644218619,Q5 (highest)
5,155,-30.639433333333333,0.5555638572417669,Q5 (highest)
5,155.5,-30.505278245614036,0.5522974182738745,Q5 (highest)
5,156,-30.365326719298245,0.5529679470878908,Q5 (highest)
5,156.5,-30.286614631578946,0.556204780205065,Q5 (highest)
5,157,-30.241675052631578,0.5676167141234035,Q5 (highest)
5,157.5,-30.19757049122807,0.5829437281495121,Q5 (highest)
5,158,-30.171441842105263,0.592054293294431,Q5 (highest)
5,158.5,-30.13099647368421,0.595160451403263,Q5 (highest)
5,159,-29.960646684210527,0.6056682429013449,Q5 (highest)
5,159.5,-29.762542842105262,0.6115256605814219,Q5 (highest)
5,160,-29.541685228070175,0.6096643192528081,Q5 (highest)
5,160.5,-29.419528614035087,0.6134323204028199,Q5 (highest)
5,161,-29.259324298245616,0.6070798201756117,Q5 (highest)
5,161.5,-29.08997752631579,0.6133928496285215,Q5 (highest)
5,162,-28.90027961403509,0.6223196743973398,Q5 (highest)
5,162.5,-28.720255105263156,0.6257190082175654,Q5 (highest)
5,163,-28.615260649122806,0.6269903715144759,Q5 (highest)
5,163.5,-28.53449654385965,0.6350302838078454,Q5 (highest)
5,164,-28.415982140350877,0.6418300143042484,Q5 (highest)
5,164.5,-28.310492087719297,0.6374990622124239,Q5 (highest)
5,165,-28.224429228070175,0.6283896535282629,Q5 (highest)
5,165.5,-28.103820824561403,0.6157071557550152,Q5 (highest)
5,166,-28.019663912280702,0.6014725515850871,Q5 (highest)
5,166.5,-28.123269526315788,0.5910286043126218,Q5 (highest)
5,167,-28.503667315789475,0.5974808504604169,Q5 (highest)
5,167.5,-28.982282175438595,0.5994805225638751,Q5 (highest)
5,168,-29.41155798245614,0.587688353819164,Q5 (highest)
5,168.5,-29.654551280701753,0.5791926968722549,Q5 (highest)
5,169,-29.68956845614035,0.5864556450798095,Q5 (highest)
5,169.5,-29.778389228070175,0.5892825388697269,Q5 (highest)
5,170,-30.097185105263158,0.6128360016492317,Q5 (highest)
